[{
  "_id": {
    "$oid": "607bd5684ec2ac39b47374c1"
  },
  "date_created": {
    "$date": "2021-04-18T06:42:46.278Z"
  },
  "name": "one more time",
  "utubeCode": "FGBhQbmPwH8",
  "info": "good song"
},{
  "_id": {
    "$oid": "607bd58f4ec2ac39b47374c2"
  },
  "date_created": {
    "$date": "2021-04-18T06:42:46.278Z"
  },
  "name": "Rock the Casbah",
  "utubeCode": "bJ9r8LMU9bQ",
  "info": "good song"
},{
  "_id": {
    "$oid": "607bd5cf4ec2ac39b47374c3"
  },
  "date_created": {
    "$date": "2021-04-18T06:42:46.278Z"
  },
  "name": "תותים",
  "utubeCode": "BXfbSYpGHi0",
  "info": "good song hebrew"
},{
  "_id": {
    "$oid": "607bd5ed4ec2ac39b47374c4"
  },
  "date_created": {
    "$date": "2021-04-18T06:42:46.278Z"
  },
  "name": "ילדות ישראלית",
  "utubeCode": "Y1DUYLhl0H0",
  "info": "good song hebrew"
}]